table1,table2,result
orders_0,lineitem_0,519638
orders_0,lineitem_1,0
orders_0,lineitem_2,0
orders_0,lineitem_3,0
orders_0,lineitem_4,0
orders_0,lineitem_5,0
orders_0,lineitem_6,0
orders_0,lineitem_7,0
orders_0,lineitem_8,0
orders_0,lineitem_9,0
orders_0,lineitem_10,0
orders_0,lineitem_11,0
orders_0,lineitem_12,0
orders_0,lineitem_13,0
orders_0,lineitem_14,0
orders_0,lineitem_15,0
orders_0,lineitem_16,0
orders_0,lineitem_17,0
orders_0,lineitem_18,0
orders_0,lineitem_19,0
orders_0,lineitem_20,0
orders_0,lineitem_21,0
orders_0,lineitem_22,0
orders_0,lineitem_23,0
orders_0,lineitem_24,0
orders_0,lineitem_25,0
orders_0,lineitem_26,0
orders_0,lineitem_27,0
orders_0,lineitem_28,0
orders_0,lineitem_29,0
orders_0,lineitem_30,0
orders_0,lineitem_31,0
orders_0,lineitem_32,0
orders_0,lineitem_33,0
orders_0,lineitem_34,0
orders_0,lineitem_35,0
orders_0,lineitem_36,0
orders_0,lineitem_37,0
orders_0,lineitem_38,0
orders_0,lineitem_39,0
orders_0,lineitem_40,0
orders_0,lineitem_41,0
orders_0,lineitem_42,0
orders_0,lineitem_43,0
orders_0,lineitem_44,0
orders_0,lineitem_45,0
orders_0,lineitem_46,0
orders_0,lineitem_47,0
orders_0,lineitem_48,0
orders_0,lineitem_49,0
orders_1,lineitem_0,0
orders_1,lineitem_1,520277
orders_1,lineitem_2,0
orders_1,lineitem_3,0
orders_1,lineitem_4,0
orders_1,lineitem_5,0
orders_1,lineitem_6,0
orders_1,lineitem_7,0
orders_1,lineitem_8,0
orders_1,lineitem_9,0
orders_1,lineitem_10,0
orders_1,lineitem_11,0
orders_1,lineitem_12,0
orders_1,lineitem_13,0
orders_1,lineitem_14,0
orders_1,lineitem_15,0
orders_1,lineitem_16,0
orders_1,lineitem_17,0
orders_1,lineitem_18,0
orders_1,lineitem_19,0
orders_1,lineitem_20,0
orders_1,lineitem_21,0
orders_1,lineitem_22,0
orders_1,lineitem_23,0
orders_1,lineitem_24,0
orders_1,lineitem_25,0
orders_1,lineitem_26,0
orders_1,lineitem_27,0
orders_1,lineitem_28,0
orders_1,lineitem_29,0
orders_1,lineitem_30,0
orders_1,lineitem_31,0
orders_1,lineitem_32,0
orders_1,lineitem_33,0
orders_1,lineitem_34,0
orders_1,lineitem_35,0
orders_1,lineitem_36,0
orders_1,lineitem_37,0
orders_1,lineitem_38,0
orders_1,lineitem_39,0
orders_1,lineitem_40,0
orders_1,lineitem_41,0
orders_1,lineitem_42,0
orders_1,lineitem_43,0
orders_1,lineitem_44,0
orders_1,lineitem_45,0
orders_1,lineitem_46,0
orders_1,lineitem_47,0
orders_1,lineitem_48,0
orders_1,lineitem_49,0
orders_2,lineitem_0,0
orders_2,lineitem_1,0
orders_2,lineitem_2,520539
orders_2,lineitem_3,0
orders_2,lineitem_4,0
orders_2,lineitem_5,0
orders_2,lineitem_6,0
orders_2,lineitem_7,0
orders_2,lineitem_8,0
orders_2,lineitem_9,0
orders_2,lineitem_10,0
orders_2,lineitem_11,0
orders_2,lineitem_12,0
orders_2,lineitem_13,0
orders_2,lineitem_14,0
orders_2,lineitem_15,0
orders_2,lineitem_16,0
orders_2,lineitem_17,0
orders_2,lineitem_18,0
orders_2,lineitem_19,0
orders_2,lineitem_20,0
orders_2,lineitem_21,0
orders_2,lineitem_22,0
orders_2,lineitem_23,0
orders_2,lineitem_24,0
orders_2,lineitem_25,0
orders_2,lineitem_26,0
orders_2,lineitem_27,0
orders_2,lineitem_28,0
orders_2,lineitem_29,0
orders_2,lineitem_30,0
orders_2,lineitem_31,0
orders_2,lineitem_32,0
orders_2,lineitem_33,0
orders_2,lineitem_34,0
orders_2,lineitem_35,0
orders_2,lineitem_36,0
orders_2,lineitem_37,0
orders_2,lineitem_38,0
orders_2,lineitem_39,0
orders_2,lineitem_40,0
orders_2,lineitem_41,0
orders_2,lineitem_42,0
orders_2,lineitem_43,0
orders_2,lineitem_44,0
orders_2,lineitem_45,0
orders_2,lineitem_46,0
orders_2,lineitem_47,0
orders_2,lineitem_48,0
orders_2,lineitem_49,0
orders_3,lineitem_0,0
orders_3,lineitem_1,0
orders_3,lineitem_2,0
orders_3,lineitem_3,521687
orders_3,lineitem_4,0
orders_3,lineitem_5,0
orders_3,lineitem_6,0
orders_3,lineitem_7,0
orders_3,lineitem_8,0
orders_3,lineitem_9,0
orders_3,lineitem_10,0
orders_3,lineitem_11,0
orders_3,lineitem_12,0
orders_3,lineitem_13,0
orders_3,lineitem_14,0
orders_3,lineitem_15,0
orders_3,lineitem_16,0
orders_3,lineitem_17,0
orders_3,lineitem_18,0
orders_3,lineitem_19,0
orders_3,lineitem_20,0
orders_3,lineitem_21,0
orders_3,lineitem_22,0
orders_3,lineitem_23,0
orders_3,lineitem_24,0
orders_3,lineitem_25,0
orders_3,lineitem_26,0
orders_3,lineitem_27,0
orders_3,lineitem_28,0
orders_3,lineitem_29,0
orders_3,lineitem_30,0
orders_3,lineitem_31,0
orders_3,lineitem_32,0
orders_3,lineitem_33,0
orders_3,lineitem_34,0
orders_3,lineitem_35,0
orders_3,lineitem_36,0
orders_3,lineitem_37,0
orders_3,lineitem_38,0
orders_3,lineitem_39,0
orders_3,lineitem_40,0
orders_3,lineitem_41,0
orders_3,lineitem_42,0
orders_3,lineitem_43,0
orders_3,lineitem_44,0
orders_3,lineitem_45,0
orders_3,lineitem_46,0
orders_3,lineitem_47,0
orders_3,lineitem_48,0
orders_3,lineitem_49,0
orders_4,lineitem_0,0
orders_4,lineitem_1,0
orders_4,lineitem_2,0
orders_4,lineitem_3,0
orders_4,lineitem_4,518786
orders_4,lineitem_5,0
orders_4,lineitem_6,0
orders_4,lineitem_7,0
orders_4,lineitem_8,0
orders_4,lineitem_9,0
orders_4,lineitem_10,0
orders_4,lineitem_11,0
orders_4,lineitem_12,0
orders_4,lineitem_13,0
orders_4,lineitem_14,0
orders_4,lineitem_15,0
orders_4,lineitem_16,0
orders_4,lineitem_17,0
orders_4,lineitem_18,0
orders_4,lineitem_19,0
orders_4,lineitem_20,0
orders_4,lineitem_21,0
orders_4,lineitem_22,0
orders_4,lineitem_23,0
orders_4,lineitem_24,0
orders_4,lineitem_25,0
orders_4,lineitem_26,0
orders_4,lineitem_27,0
orders_4,lineitem_28,0
orders_4,lineitem_29,0
orders_4,lineitem_30,0
orders_4,lineitem_31,0
orders_4,lineitem_32,0
orders_4,lineitem_33,0
orders_4,lineitem_34,0
orders_4,lineitem_35,0
orders_4,lineitem_36,0
orders_4,lineitem_37,0
orders_4,lineitem_38,0
orders_4,lineitem_39,0
orders_4,lineitem_40,0
orders_4,lineitem_41,0
orders_4,lineitem_42,0
orders_4,lineitem_43,0
orders_4,lineitem_44,0
orders_4,lineitem_45,0
orders_4,lineitem_46,0
orders_4,lineitem_47,0
orders_4,lineitem_48,0
orders_4,lineitem_49,0
orders_5,lineitem_0,0
orders_5,lineitem_1,0
orders_5,lineitem_2,0
orders_5,lineitem_3,0
orders_5,lineitem_4,0
orders_5,lineitem_5,517620
orders_5,lineitem_6,0
orders_5,lineitem_7,0
orders_5,lineitem_8,0
orders_5,lineitem_9,0
orders_5,lineitem_10,0
orders_5,lineitem_11,0
orders_5,lineitem_12,0
orders_5,lineitem_13,0
orders_5,lineitem_14,0
orders_5,lineitem_15,0
orders_5,lineitem_16,0
orders_5,lineitem_17,0
orders_5,lineitem_18,0
orders_5,lineitem_19,0
orders_5,lineitem_20,0
orders_5,lineitem_21,0
orders_5,lineitem_22,0
orders_5,lineitem_23,0
orders_5,lineitem_24,0
orders_5,lineitem_25,0
orders_5,lineitem_26,0
orders_5,lineitem_27,0
orders_5,lineitem_28,0
orders_5,lineitem_29,0
orders_5,lineitem_30,0
orders_5,lineitem_31,0
orders_5,lineitem_32,0
orders_5,lineitem_33,0
orders_5,lineitem_34,0
orders_5,lineitem_35,0
orders_5,lineitem_36,0
orders_5,lineitem_37,0
orders_5,lineitem_38,0
orders_5,lineitem_39,0
orders_5,lineitem_40,0
orders_5,lineitem_41,0
orders_5,lineitem_42,0
orders_5,lineitem_43,0
orders_5,lineitem_44,0
orders_5,lineitem_45,0
orders_5,lineitem_46,0
orders_5,lineitem_47,0
orders_5,lineitem_48,0
orders_5,lineitem_49,0
orders_6,lineitem_0,0
orders_6,lineitem_1,0
orders_6,lineitem_2,0
orders_6,lineitem_3,0
orders_6,lineitem_4,0
orders_6,lineitem_5,0
orders_6,lineitem_6,518328
orders_6,lineitem_7,0
orders_6,lineitem_8,0
orders_6,lineitem_9,0
orders_6,lineitem_10,0
orders_6,lineitem_11,0
orders_6,lineitem_12,0
orders_6,lineitem_13,0
orders_6,lineitem_14,0
orders_6,lineitem_15,0
orders_6,lineitem_16,0
orders_6,lineitem_17,0
orders_6,lineitem_18,0
orders_6,lineitem_19,0
orders_6,lineitem_20,0
orders_6,lineitem_21,0
orders_6,lineitem_22,0
orders_6,lineitem_23,0
orders_6,lineitem_24,0
orders_6,lineitem_25,0
orders_6,lineitem_26,0
orders_6,lineitem_27,0
orders_6,lineitem_28,0
orders_6,lineitem_29,0
orders_6,lineitem_30,0
orders_6,lineitem_31,0
orders_6,lineitem_32,0
orders_6,lineitem_33,0
orders_6,lineitem_34,0
orders_6,lineitem_35,0
orders_6,lineitem_36,0
orders_6,lineitem_37,0
orders_6,lineitem_38,0
orders_6,lineitem_39,0
orders_6,lineitem_40,0
orders_6,lineitem_41,0
orders_6,lineitem_42,0
orders_6,lineitem_43,0
orders_6,lineitem_44,0
orders_6,lineitem_45,0
orders_6,lineitem_46,0
orders_6,lineitem_47,0
orders_6,lineitem_48,0
orders_6,lineitem_49,0
orders_7,lineitem_0,0
orders_7,lineitem_1,0
orders_7,lineitem_2,0
orders_7,lineitem_3,0
orders_7,lineitem_4,0
orders_7,lineitem_5,0
orders_7,lineitem_6,0
orders_7,lineitem_7,519783
orders_7,lineitem_8,0
orders_7,lineitem_9,0
orders_7,lineitem_10,0
orders_7,lineitem_11,0
orders_7,lineitem_12,0
orders_7,lineitem_13,0
orders_7,lineitem_14,0
orders_7,lineitem_15,0
orders_7,lineitem_16,0
orders_7,lineitem_17,0
orders_7,lineitem_18,0
orders_7,lineitem_19,0
orders_7,lineitem_20,0
orders_7,lineitem_21,0
orders_7,lineitem_22,0
orders_7,lineitem_23,0
orders_7,lineitem_24,0
orders_7,lineitem_25,0
orders_7,lineitem_26,0
orders_7,lineitem_27,0
orders_7,lineitem_28,0
orders_7,lineitem_29,0
orders_7,lineitem_30,0
orders_7,lineitem_31,0
orders_7,lineitem_32,0
orders_7,lineitem_33,0
orders_7,lineitem_34,0
orders_7,lineitem_35,0
orders_7,lineitem_36,0
orders_7,lineitem_37,0
orders_7,lineitem_38,0
orders_7,lineitem_39,0
orders_7,lineitem_40,0
orders_7,lineitem_41,0
orders_7,lineitem_42,0
orders_7,lineitem_43,0
orders_7,lineitem_44,0
orders_7,lineitem_45,0
orders_7,lineitem_46,0
orders_7,lineitem_47,0
orders_7,lineitem_48,0
orders_7,lineitem_49,0
orders_8,lineitem_0,0
orders_8,lineitem_1,0
orders_8,lineitem_2,0
orders_8,lineitem_3,0
orders_8,lineitem_4,0
orders_8,lineitem_5,0
orders_8,lineitem_6,0
orders_8,lineitem_7,0
orders_8,lineitem_8,518546
orders_8,lineitem_9,0
orders_8,lineitem_10,0
orders_8,lineitem_11,0
orders_8,lineitem_12,0
orders_8,lineitem_13,0
orders_8,lineitem_14,0
orders_8,lineitem_15,0
orders_8,lineitem_16,0
orders_8,lineitem_17,0
orders_8,lineitem_18,0
orders_8,lineitem_19,0
orders_8,lineitem_20,0
orders_8,lineitem_21,0
orders_8,lineitem_22,0
orders_8,lineitem_23,0
orders_8,lineitem_24,0
orders_8,lineitem_25,0
orders_8,lineitem_26,0
orders_8,lineitem_27,0
orders_8,lineitem_28,0
orders_8,lineitem_29,0
orders_8,lineitem_30,0
orders_8,lineitem_31,0
orders_8,lineitem_32,0
orders_8,lineitem_33,0
orders_8,lineitem_34,0
orders_8,lineitem_35,0
orders_8,lineitem_36,0
orders_8,lineitem_37,0
orders_8,lineitem_38,0
orders_8,lineitem_39,0
orders_8,lineitem_40,0
orders_8,lineitem_41,0
orders_8,lineitem_42,0
orders_8,lineitem_43,0
orders_8,lineitem_44,0
orders_8,lineitem_45,0
orders_8,lineitem_46,0
orders_8,lineitem_47,0
orders_8,lineitem_48,0
orders_8,lineitem_49,0
orders_9,lineitem_0,0
orders_9,lineitem_1,0
orders_9,lineitem_2,0
orders_9,lineitem_3,0
orders_9,lineitem_4,0
orders_9,lineitem_5,0
orders_9,lineitem_6,0
orders_9,lineitem_7,0
orders_9,lineitem_8,0
orders_9,lineitem_9,518623
orders_9,lineitem_10,0
orders_9,lineitem_11,0
orders_9,lineitem_12,0
orders_9,lineitem_13,0
orders_9,lineitem_14,0
orders_9,lineitem_15,0
orders_9,lineitem_16,0
orders_9,lineitem_17,0
orders_9,lineitem_18,0
orders_9,lineitem_19,0
orders_9,lineitem_20,0
orders_9,lineitem_21,0
orders_9,lineitem_22,0
orders_9,lineitem_23,0
orders_9,lineitem_24,0
orders_9,lineitem_25,0
orders_9,lineitem_26,0
orders_9,lineitem_27,0
orders_9,lineitem_28,0
orders_9,lineitem_29,0
orders_9,lineitem_30,0
orders_9,lineitem_31,0
orders_9,lineitem_32,0
orders_9,lineitem_33,0
orders_9,lineitem_34,0
orders_9,lineitem_35,0
orders_9,lineitem_36,0
orders_9,lineitem_37,0
orders_9,lineitem_38,0
orders_9,lineitem_39,0
orders_9,lineitem_40,0
orders_9,lineitem_41,0
orders_9,lineitem_42,0
orders_9,lineitem_43,0
orders_9,lineitem_44,0
orders_9,lineitem_45,0
orders_9,lineitem_46,0
orders_9,lineitem_47,0
orders_9,lineitem_48,0
orders_9,lineitem_49,0
orders_10,lineitem_0,0
orders_10,lineitem_1,0
orders_10,lineitem_2,0
orders_10,lineitem_3,0
orders_10,lineitem_4,0
orders_10,lineitem_5,0
orders_10,lineitem_6,0
orders_10,lineitem_7,0
orders_10,lineitem_8,0
orders_10,lineitem_9,0
orders_10,lineitem_10,519489
orders_10,lineitem_11,0
orders_10,lineitem_12,0
orders_10,lineitem_13,0
orders_10,lineitem_14,0
orders_10,lineitem_15,0
orders_10,lineitem_16,0
orders_10,lineitem_17,0
orders_10,lineitem_18,0
orders_10,lineitem_19,0
orders_10,lineitem_20,0
orders_10,lineitem_21,0
orders_10,lineitem_22,0
orders_10,lineitem_23,0
orders_10,lineitem_24,0
orders_10,lineitem_25,0
orders_10,lineitem_26,0
orders_10,lineitem_27,0
orders_10,lineitem_28,0
orders_10,lineitem_29,0
orders_10,lineitem_30,0
orders_10,lineitem_31,0
orders_10,lineitem_32,0
orders_10,lineitem_33,0
orders_10,lineitem_34,0
orders_10,lineitem_35,0
orders_10,lineitem_36,0
orders_10,lineitem_37,0
orders_10,lineitem_38,0
orders_10,lineitem_39,0
orders_10,lineitem_40,0
orders_10,lineitem_41,0
orders_10,lineitem_42,0
orders_10,lineitem_43,0
orders_10,lineitem_44,0
orders_10,lineitem_45,0
orders_10,lineitem_46,0
orders_10,lineitem_47,0
orders_10,lineitem_48,0
orders_10,lineitem_49,0
orders_11,lineitem_0,0
orders_11,lineitem_1,0
orders_11,lineitem_2,0
orders_11,lineitem_3,0
orders_11,lineitem_4,0
orders_11,lineitem_5,0
orders_11,lineitem_6,0
orders_11,lineitem_7,0
orders_11,lineitem_8,0
orders_11,lineitem_9,0
orders_11,lineitem_10,0
orders_11,lineitem_11,519719
orders_11,lineitem_12,0
orders_11,lineitem_13,0
orders_11,lineitem_14,0
orders_11,lineitem_15,0
orders_11,lineitem_16,0
orders_11,lineitem_17,0
orders_11,lineitem_18,0
orders_11,lineitem_19,0
orders_11,lineitem_20,0
orders_11,lineitem_21,0
orders_11,lineitem_22,0
orders_11,lineitem_23,0
orders_11,lineitem_24,0
orders_11,lineitem_25,0
orders_11,lineitem_26,0
orders_11,lineitem_27,0
orders_11,lineitem_28,0
orders_11,lineitem_29,0
orders_11,lineitem_30,0
orders_11,lineitem_31,0
orders_11,lineitem_32,0
orders_11,lineitem_33,0
orders_11,lineitem_34,0
orders_11,lineitem_35,0
orders_11,lineitem_36,0
orders_11,lineitem_37,0
orders_11,lineitem_38,0
orders_11,lineitem_39,0
orders_11,lineitem_40,0
orders_11,lineitem_41,0
orders_11,lineitem_42,0
orders_11,lineitem_43,0
orders_11,lineitem_44,0
orders_11,lineitem_45,0
orders_11,lineitem_46,0
orders_11,lineitem_47,0
orders_11,lineitem_48,0
orders_11,lineitem_49,0
orders_12,lineitem_0,0
orders_12,lineitem_1,0
orders_12,lineitem_2,0
orders_12,lineitem_3,0
orders_12,lineitem_4,0
orders_12,lineitem_5,0
orders_12,lineitem_6,0
orders_12,lineitem_7,0
orders_12,lineitem_8,0
orders_12,lineitem_9,0
orders_12,lineitem_10,0
orders_12,lineitem_11,0
orders_12,lineitem_12,519489
orders_12,lineitem_13,0
orders_12,lineitem_14,0
orders_12,lineitem_15,0
orders_12,lineitem_16,0
orders_12,lineitem_17,0
orders_12,lineitem_18,0
orders_12,lineitem_19,0
orders_12,lineitem_20,0
orders_12,lineitem_21,0
orders_12,lineitem_22,0
orders_12,lineitem_23,0
orders_12,lineitem_24,0
orders_12,lineitem_25,0
orders_12,lineitem_26,0
orders_12,lineitem_27,0
orders_12,lineitem_28,0
orders_12,lineitem_29,0
orders_12,lineitem_30,0
orders_12,lineitem_31,0
orders_12,lineitem_32,0
orders_12,lineitem_33,0
orders_12,lineitem_34,0
orders_12,lineitem_35,0
orders_12,lineitem_36,0
orders_12,lineitem_37,0
orders_12,lineitem_38,0
orders_12,lineitem_39,0
orders_12,lineitem_40,0
orders_12,lineitem_41,0
orders_12,lineitem_42,0
orders_12,lineitem_43,0
orders_12,lineitem_44,0
orders_12,lineitem_45,0
orders_12,lineitem_46,0
orders_12,lineitem_47,0
orders_12,lineitem_48,0
orders_12,lineitem_49,0
orders_13,lineitem_0,0
orders_13,lineitem_1,0
orders_13,lineitem_2,0
orders_13,lineitem_3,0
orders_13,lineitem_4,0
orders_13,lineitem_5,0
orders_13,lineitem_6,0
orders_13,lineitem_7,0
orders_13,lineitem_8,0
orders_13,lineitem_9,0
orders_13,lineitem_10,0
orders_13,lineitem_11,0
orders_13,lineitem_12,0
orders_13,lineitem_13,518628
orders_13,lineitem_14,0
orders_13,lineitem_15,0
orders_13,lineitem_16,0
orders_13,lineitem_17,0
orders_13,lineitem_18,0
orders_13,lineitem_19,0
orders_13,lineitem_20,0
orders_13,lineitem_21,0
orders_13,lineitem_22,0
orders_13,lineitem_23,0
orders_13,lineitem_24,0
orders_13,lineitem_25,0
orders_13,lineitem_26,0
orders_13,lineitem_27,0
orders_13,lineitem_28,0
orders_13,lineitem_29,0
orders_13,lineitem_30,0
orders_13,lineitem_31,0
orders_13,lineitem_32,0
orders_13,lineitem_33,0
orders_13,lineitem_34,0
orders_13,lineitem_35,0
orders_13,lineitem_36,0
orders_13,lineitem_37,0
orders_13,lineitem_38,0
orders_13,lineitem_39,0
orders_13,lineitem_40,0
orders_13,lineitem_41,0
orders_13,lineitem_42,0
orders_13,lineitem_43,0
orders_13,lineitem_44,0
orders_13,lineitem_45,0
orders_13,lineitem_46,0
orders_13,lineitem_47,0
orders_13,lineitem_48,0
orders_13,lineitem_49,0
orders_14,lineitem_0,0
orders_14,lineitem_1,0
orders_14,lineitem_2,0
orders_14,lineitem_3,0
orders_14,lineitem_4,0
orders_14,lineitem_5,0
orders_14,lineitem_6,0
orders_14,lineitem_7,0
orders_14,lineitem_8,0
orders_14,lineitem_9,0
orders_14,lineitem_10,0
orders_14,lineitem_11,0
orders_14,lineitem_12,0
orders_14,lineitem_13,0
orders_14,lineitem_14,518197
orders_14,lineitem_15,0
orders_14,lineitem_16,0
orders_14,lineitem_17,0
orders_14,lineitem_18,0
orders_14,lineitem_19,0
orders_14,lineitem_20,0
orders_14,lineitem_21,0
orders_14,lineitem_22,0
orders_14,lineitem_23,0
orders_14,lineitem_24,0
orders_14,lineitem_25,0
orders_14,lineitem_26,0
orders_14,lineitem_27,0
orders_14,lineitem_28,0
orders_14,lineitem_29,0
orders_14,lineitem_30,0
orders_14,lineitem_31,0
orders_14,lineitem_32,0
orders_14,lineitem_33,0
orders_14,lineitem_34,0
orders_14,lineitem_35,0
orders_14,lineitem_36,0
orders_14,lineitem_37,0
orders_14,lineitem_38,0
orders_14,lineitem_39,0
orders_14,lineitem_40,0
orders_14,lineitem_41,0
orders_14,lineitem_42,0
orders_14,lineitem_43,0
orders_14,lineitem_44,0
orders_14,lineitem_45,0
orders_14,lineitem_46,0
orders_14,lineitem_47,0
orders_14,lineitem_48,0
orders_14,lineitem_49,0
orders_15,lineitem_0,0
orders_15,lineitem_1,0
orders_15,lineitem_2,0
orders_15,lineitem_3,0
orders_15,lineitem_4,0
orders_15,lineitem_5,0
orders_15,lineitem_6,0
orders_15,lineitem_7,0
orders_15,lineitem_8,0
orders_15,lineitem_9,0
orders_15,lineitem_10,0
orders_15,lineitem_11,0
orders_15,lineitem_12,0
orders_15,lineitem_13,0
orders_15,lineitem_14,0
orders_15,lineitem_15,517838
orders_15,lineitem_16,0
orders_15,lineitem_17,0
orders_15,lineitem_18,0
orders_15,lineitem_19,0
orders_15,lineitem_20,0
orders_15,lineitem_21,0
orders_15,lineitem_22,0
orders_15,lineitem_23,0
orders_15,lineitem_24,0
orders_15,lineitem_25,0
orders_15,lineitem_26,0
orders_15,lineitem_27,0
orders_15,lineitem_28,0
orders_15,lineitem_29,0
orders_15,lineitem_30,0
orders_15,lineitem_31,0
orders_15,lineitem_32,0
orders_15,lineitem_33,0
orders_15,lineitem_34,0
orders_15,lineitem_35,0
orders_15,lineitem_36,0
orders_15,lineitem_37,0
orders_15,lineitem_38,0
orders_15,lineitem_39,0
orders_15,lineitem_40,0
orders_15,lineitem_41,0
orders_15,lineitem_42,0
orders_15,lineitem_43,0
orders_15,lineitem_44,0
orders_15,lineitem_45,0
orders_15,lineitem_46,0
orders_15,lineitem_47,0
orders_15,lineitem_48,0
orders_15,lineitem_49,0
orders_16,lineitem_0,0
orders_16,lineitem_1,0
orders_16,lineitem_2,0
orders_16,lineitem_3,0
orders_16,lineitem_4,0
orders_16,lineitem_5,0
orders_16,lineitem_6,0
orders_16,lineitem_7,0
orders_16,lineitem_8,0
orders_16,lineitem_9,0
orders_16,lineitem_10,0
orders_16,lineitem_11,0
orders_16,lineitem_12,0
orders_16,lineitem_13,0
orders_16,lineitem_14,0
orders_16,lineitem_15,0
orders_16,lineitem_16,520258
orders_16,lineitem_17,0
orders_16,lineitem_18,0
orders_16,lineitem_19,0
orders_16,lineitem_20,0
orders_16,lineitem_21,0
orders_16,lineitem_22,0
orders_16,lineitem_23,0
orders_16,lineitem_24,0
orders_16,lineitem_25,0
orders_16,lineitem_26,0
orders_16,lineitem_27,0
orders_16,lineitem_28,0
orders_16,lineitem_29,0
orders_16,lineitem_30,0
orders_16,lineitem_31,0
orders_16,lineitem_32,0
orders_16,lineitem_33,0
orders_16,lineitem_34,0
orders_16,lineitem_35,0
orders_16,lineitem_36,0
orders_16,lineitem_37,0
orders_16,lineitem_38,0
orders_16,lineitem_39,0
orders_16,lineitem_40,0
orders_16,lineitem_41,0
orders_16,lineitem_42,0
orders_16,lineitem_43,0
orders_16,lineitem_44,0
orders_16,lineitem_45,0
orders_16,lineitem_46,0
orders_16,lineitem_47,0
orders_16,lineitem_48,0
orders_16,lineitem_49,0
orders_17,lineitem_0,0
orders_17,lineitem_1,0
orders_17,lineitem_2,0
orders_17,lineitem_3,0
orders_17,lineitem_4,0
orders_17,lineitem_5,0
orders_17,lineitem_6,0
orders_17,lineitem_7,0
orders_17,lineitem_8,0
orders_17,lineitem_9,0
orders_17,lineitem_10,0
orders_17,lineitem_11,0
orders_17,lineitem_12,0
orders_17,lineitem_13,0
orders_17,lineitem_14,0
orders_17,lineitem_15,0
orders_17,lineitem_16,0
orders_17,lineitem_17,520311
orders_17,lineitem_18,0
orders_17,lineitem_19,0
orders_17,lineitem_20,0
orders_17,lineitem_21,0
orders_17,lineitem_22,0
orders_17,lineitem_23,0
orders_17,lineitem_24,0
orders_17,lineitem_25,0
orders_17,lineitem_26,0
orders_17,lineitem_27,0
orders_17,lineitem_28,0
orders_17,lineitem_29,0
orders_17,lineitem_30,0
orders_17,lineitem_31,0
orders_17,lineitem_32,0
orders_17,lineitem_33,0
orders_17,lineitem_34,0
orders_17,lineitem_35,0
orders_17,lineitem_36,0
orders_17,lineitem_37,0
orders_17,lineitem_38,0
orders_17,lineitem_39,0
orders_17,lineitem_40,0
orders_17,lineitem_41,0
orders_17,lineitem_42,0
orders_17,lineitem_43,0
orders_17,lineitem_44,0
orders_17,lineitem_45,0
orders_17,lineitem_46,0
orders_17,lineitem_47,0
orders_17,lineitem_48,0
orders_17,lineitem_49,0
orders_18,lineitem_0,0
orders_18,lineitem_1,0
orders_18,lineitem_2,0
orders_18,lineitem_3,0
orders_18,lineitem_4,0
orders_18,lineitem_5,0
orders_18,lineitem_6,0
orders_18,lineitem_7,0
orders_18,lineitem_8,0
orders_18,lineitem_9,0
orders_18,lineitem_10,0
orders_18,lineitem_11,0
orders_18,lineitem_12,0
orders_18,lineitem_13,0
orders_18,lineitem_14,0
orders_18,lineitem_15,0
orders_18,lineitem_16,0
orders_18,lineitem_17,0
orders_18,lineitem_18,519237
orders_18,lineitem_19,0
orders_18,lineitem_20,0
orders_18,lineitem_21,0
orders_18,lineitem_22,0
orders_18,lineitem_23,0
orders_18,lineitem_24,0
orders_18,lineitem_25,0
orders_18,lineitem_26,0
orders_18,lineitem_27,0
orders_18,lineitem_28,0
orders_18,lineitem_29,0
orders_18,lineitem_30,0
orders_18,lineitem_31,0
orders_18,lineitem_32,0
orders_18,lineitem_33,0
orders_18,lineitem_34,0
orders_18,lineitem_35,0
orders_18,lineitem_36,0
orders_18,lineitem_37,0
orders_18,lineitem_38,0
orders_18,lineitem_39,0
orders_18,lineitem_40,0
orders_18,lineitem_41,0
orders_18,lineitem_42,0
orders_18,lineitem_43,0
orders_18,lineitem_44,0
orders_18,lineitem_45,0
orders_18,lineitem_46,0
orders_18,lineitem_47,0
orders_18,lineitem_48,0
orders_18,lineitem_49,0
orders_19,lineitem_0,0
orders_19,lineitem_1,0
orders_19,lineitem_2,0
orders_19,lineitem_3,0
orders_19,lineitem_4,0
orders_19,lineitem_5,0
orders_19,lineitem_6,0
orders_19,lineitem_7,0
orders_19,lineitem_8,0
orders_19,lineitem_9,0
orders_19,lineitem_10,0
orders_19,lineitem_11,0
orders_19,lineitem_12,0
orders_19,lineitem_13,0
orders_19,lineitem_14,0
orders_19,lineitem_15,0
orders_19,lineitem_16,0
orders_19,lineitem_17,0
orders_19,lineitem_18,0
orders_19,lineitem_19,519695
orders_19,lineitem_20,0
orders_19,lineitem_21,0
orders_19,lineitem_22,0
orders_19,lineitem_23,0
orders_19,lineitem_24,0
orders_19,lineitem_25,0
orders_19,lineitem_26,0
orders_19,lineitem_27,0
orders_19,lineitem_28,0
orders_19,lineitem_29,0
orders_19,lineitem_30,0
orders_19,lineitem_31,0
orders_19,lineitem_32,0
orders_19,lineitem_33,0
orders_19,lineitem_34,0
orders_19,lineitem_35,0
orders_19,lineitem_36,0
orders_19,lineitem_37,0
orders_19,lineitem_38,0
orders_19,lineitem_39,0
orders_19,lineitem_40,0
orders_19,lineitem_41,0
orders_19,lineitem_42,0
orders_19,lineitem_43,0
orders_19,lineitem_44,0
orders_19,lineitem_45,0
orders_19,lineitem_46,0
orders_19,lineitem_47,0
orders_19,lineitem_48,0
orders_19,lineitem_49,0
orders_20,lineitem_0,0
orders_20,lineitem_1,0
orders_20,lineitem_2,0
orders_20,lineitem_3,0
orders_20,lineitem_4,0
orders_20,lineitem_5,0
orders_20,lineitem_6,0
orders_20,lineitem_7,0
orders_20,lineitem_8,0
orders_20,lineitem_9,0
orders_20,lineitem_10,0
orders_20,lineitem_11,0
orders_20,lineitem_12,0
orders_20,lineitem_13,0
orders_20,lineitem_14,0
orders_20,lineitem_15,0
orders_20,lineitem_16,0
orders_20,lineitem_17,0
orders_20,lineitem_18,0
orders_20,lineitem_19,0
orders_20,lineitem_20,518693
orders_20,lineitem_21,0
orders_20,lineitem_22,0
orders_20,lineitem_23,0
orders_20,lineitem_24,0
orders_20,lineitem_25,0
orders_20,lineitem_26,0
orders_20,lineitem_27,0
orders_20,lineitem_28,0
orders_20,lineitem_29,0
orders_20,lineitem_30,0
orders_20,lineitem_31,0
orders_20,lineitem_32,0
orders_20,lineitem_33,0
orders_20,lineitem_34,0
orders_20,lineitem_35,0
orders_20,lineitem_36,0
orders_20,lineitem_37,0
orders_20,lineitem_38,0
orders_20,lineitem_39,0
orders_20,lineitem_40,0
orders_20,lineitem_41,0
orders_20,lineitem_42,0
orders_20,lineitem_43,0
orders_20,lineitem_44,0
orders_20,lineitem_45,0
orders_20,lineitem_46,0
orders_20,lineitem_47,0
orders_20,lineitem_48,0
orders_20,lineitem_49,0
orders_21,lineitem_0,0
orders_21,lineitem_1,0
orders_21,lineitem_2,0
orders_21,lineitem_3,0
orders_21,lineitem_4,0
orders_21,lineitem_5,0
orders_21,lineitem_6,0
orders_21,lineitem_7,0
orders_21,lineitem_8,0
orders_21,lineitem_9,0
orders_21,lineitem_10,0
orders_21,lineitem_11,0
orders_21,lineitem_12,0
orders_21,lineitem_13,0
orders_21,lineitem_14,0
orders_21,lineitem_15,0
orders_21,lineitem_16,0
orders_21,lineitem_17,0
orders_21,lineitem_18,0
orders_21,lineitem_19,0
orders_21,lineitem_20,0
orders_21,lineitem_21,519582
orders_21,lineitem_22,0
orders_21,lineitem_23,0
orders_21,lineitem_24,0
orders_21,lineitem_25,0
orders_21,lineitem_26,0
orders_21,lineitem_27,0
orders_21,lineitem_28,0
orders_21,lineitem_29,0
orders_21,lineitem_30,0
orders_21,lineitem_31,0
orders_21,lineitem_32,0
orders_21,lineitem_33,0
orders_21,lineitem_34,0
orders_21,lineitem_35,0
orders_21,lineitem_36,0
orders_21,lineitem_37,0
orders_21,lineitem_38,0
orders_21,lineitem_39,0
orders_21,lineitem_40,0
orders_21,lineitem_41,0
orders_21,lineitem_42,0
orders_21,lineitem_43,0
orders_21,lineitem_44,0
orders_21,lineitem_45,0
orders_21,lineitem_46,0
orders_21,lineitem_47,0
orders_21,lineitem_48,0
orders_21,lineitem_49,0
orders_22,lineitem_0,0
orders_22,lineitem_1,0
orders_22,lineitem_2,0
orders_22,lineitem_3,0
orders_22,lineitem_4,0
orders_22,lineitem_5,0
orders_22,lineitem_6,0
orders_22,lineitem_7,0
orders_22,lineitem_8,0
orders_22,lineitem_9,0
orders_22,lineitem_10,0
orders_22,lineitem_11,0
orders_22,lineitem_12,0
orders_22,lineitem_13,0
orders_22,lineitem_14,0
orders_22,lineitem_15,0
orders_22,lineitem_16,0
orders_22,lineitem_17,0
orders_22,lineitem_18,0
orders_22,lineitem_19,0
orders_22,lineitem_20,0
orders_22,lineitem_21,0
orders_22,lineitem_22,518888
orders_22,lineitem_23,0
orders_22,lineitem_24,0
orders_22,lineitem_25,0
orders_22,lineitem_26,0
orders_22,lineitem_27,0
orders_22,lineitem_28,0
orders_22,lineitem_29,0
orders_22,lineitem_30,0
orders_22,lineitem_31,0
orders_22,lineitem_32,0
orders_22,lineitem_33,0
orders_22,lineitem_34,0
orders_22,lineitem_35,0
orders_22,lineitem_36,0
orders_22,lineitem_37,0
orders_22,lineitem_38,0
orders_22,lineitem_39,0
orders_22,lineitem_40,0
orders_22,lineitem_41,0
orders_22,lineitem_42,0
orders_22,lineitem_43,0
orders_22,lineitem_44,0
orders_22,lineitem_45,0
orders_22,lineitem_46,0
orders_22,lineitem_47,0
orders_22,lineitem_48,0
orders_22,lineitem_49,0
orders_23,lineitem_0,0
orders_23,lineitem_1,0
orders_23,lineitem_2,0
orders_23,lineitem_3,0
orders_23,lineitem_4,0
orders_23,lineitem_5,0
orders_23,lineitem_6,0
orders_23,lineitem_7,0
orders_23,lineitem_8,0
orders_23,lineitem_9,0
orders_23,lineitem_10,0
orders_23,lineitem_11,0
orders_23,lineitem_12,0
orders_23,lineitem_13,0
orders_23,lineitem_14,0
orders_23,lineitem_15,0
orders_23,lineitem_16,0
orders_23,lineitem_17,0
orders_23,lineitem_18,0
orders_23,lineitem_19,0
orders_23,lineitem_20,0
orders_23,lineitem_21,0
orders_23,lineitem_22,0
orders_23,lineitem_23,520247
orders_23,lineitem_24,0
orders_23,lineitem_25,0
orders_23,lineitem_26,0
orders_23,lineitem_27,0
orders_23,lineitem_28,0
orders_23,lineitem_29,0
orders_23,lineitem_30,0
orders_23,lineitem_31,0
orders_23,lineitem_32,0
orders_23,lineitem_33,0
orders_23,lineitem_34,0
orders_23,lineitem_35,0
orders_23,lineitem_36,0
orders_23,lineitem_37,0
orders_23,lineitem_38,0
orders_23,lineitem_39,0
orders_23,lineitem_40,0
orders_23,lineitem_41,0
orders_23,lineitem_42,0
orders_23,lineitem_43,0
orders_23,lineitem_44,0
orders_23,lineitem_45,0
orders_23,lineitem_46,0
orders_23,lineitem_47,0
orders_23,lineitem_48,0
orders_23,lineitem_49,0
orders_24,lineitem_0,0
orders_24,lineitem_1,0
orders_24,lineitem_2,0
orders_24,lineitem_3,0
orders_24,lineitem_4,0
orders_24,lineitem_5,0
orders_24,lineitem_6,0
orders_24,lineitem_7,0
orders_24,lineitem_8,0
orders_24,lineitem_9,0
orders_24,lineitem_10,0
orders_24,lineitem_11,0
orders_24,lineitem_12,0
orders_24,lineitem_13,0
orders_24,lineitem_14,0
orders_24,lineitem_15,0
orders_24,lineitem_16,0
orders_24,lineitem_17,0
orders_24,lineitem_18,0
orders_24,lineitem_19,0
orders_24,lineitem_20,0
orders_24,lineitem_21,0
orders_24,lineitem_22,0
orders_24,lineitem_23,0
orders_24,lineitem_24,519200
orders_24,lineitem_25,0
orders_24,lineitem_26,0
orders_24,lineitem_27,0
orders_24,lineitem_28,0
orders_24,lineitem_29,0
orders_24,lineitem_30,0
orders_24,lineitem_31,0
orders_24,lineitem_32,0
orders_24,lineitem_33,0
orders_24,lineitem_34,0
orders_24,lineitem_35,0
orders_24,lineitem_36,0
orders_24,lineitem_37,0
orders_24,lineitem_38,0
orders_24,lineitem_39,0
orders_24,lineitem_40,0
orders_24,lineitem_41,0
orders_24,lineitem_42,0
orders_24,lineitem_43,0
orders_24,lineitem_44,0
orders_24,lineitem_45,0
orders_24,lineitem_46,0
orders_24,lineitem_47,0
orders_24,lineitem_48,0
orders_24,lineitem_49,0
orders_25,lineitem_0,0
orders_25,lineitem_1,0
orders_25,lineitem_2,0
orders_25,lineitem_3,0
orders_25,lineitem_4,0
orders_25,lineitem_5,0
orders_25,lineitem_6,0
orders_25,lineitem_7,0
orders_25,lineitem_8,0
orders_25,lineitem_9,0
orders_25,lineitem_10,0
orders_25,lineitem_11,0
orders_25,lineitem_12,0
orders_25,lineitem_13,0
orders_25,lineitem_14,0
orders_25,lineitem_15,0
orders_25,lineitem_16,0
orders_25,lineitem_17,0
orders_25,lineitem_18,0
orders_25,lineitem_19,0
orders_25,lineitem_20,0
orders_25,lineitem_21,0
orders_25,lineitem_22,0
orders_25,lineitem_23,0
orders_25,lineitem_24,0
orders_25,lineitem_25,517483
orders_25,lineitem_26,0
orders_25,lineitem_27,0
orders_25,lineitem_28,0
orders_25,lineitem_29,0
orders_25,lineitem_30,0
orders_25,lineitem_31,0
orders_25,lineitem_32,0
orders_25,lineitem_33,0
orders_25,lineitem_34,0
orders_25,lineitem_35,0
orders_25,lineitem_36,0
orders_25,lineitem_37,0
orders_25,lineitem_38,0
orders_25,lineitem_39,0
orders_25,lineitem_40,0
orders_25,lineitem_41,0
orders_25,lineitem_42,0
orders_25,lineitem_43,0
orders_25,lineitem_44,0
orders_25,lineitem_45,0
orders_25,lineitem_46,0
orders_25,lineitem_47,0
orders_25,lineitem_48,0
orders_25,lineitem_49,0
orders_26,lineitem_0,0
orders_26,lineitem_1,0
orders_26,lineitem_2,0
orders_26,lineitem_3,0
orders_26,lineitem_4,0
orders_26,lineitem_5,0
orders_26,lineitem_6,0
orders_26,lineitem_7,0
orders_26,lineitem_8,0
orders_26,lineitem_9,0
orders_26,lineitem_10,0
orders_26,lineitem_11,0
orders_26,lineitem_12,0
orders_26,lineitem_13,0
orders_26,lineitem_14,0
orders_26,lineitem_15,0
orders_26,lineitem_16,0
orders_26,lineitem_17,0
orders_26,lineitem_18,0
orders_26,lineitem_19,0
orders_26,lineitem_20,0
orders_26,lineitem_21,0
orders_26,lineitem_22,0
orders_26,lineitem_23,0
orders_26,lineitem_24,0
orders_26,lineitem_25,0
orders_26,lineitem_26,519188
orders_26,lineitem_27,0
orders_26,lineitem_28,0
orders_26,lineitem_29,0
orders_26,lineitem_30,0
orders_26,lineitem_31,0
orders_26,lineitem_32,0
orders_26,lineitem_33,0
orders_26,lineitem_34,0
orders_26,lineitem_35,0
orders_26,lineitem_36,0
orders_26,lineitem_37,0
orders_26,lineitem_38,0
orders_26,lineitem_39,0
orders_26,lineitem_40,0
orders_26,lineitem_41,0
orders_26,lineitem_42,0
orders_26,lineitem_43,0
orders_26,lineitem_44,0
orders_26,lineitem_45,0
orders_26,lineitem_46,0
orders_26,lineitem_47,0
orders_26,lineitem_48,0
orders_26,lineitem_49,0
orders_27,lineitem_0,0
orders_27,lineitem_1,0
orders_27,lineitem_2,0
orders_27,lineitem_3,0
orders_27,lineitem_4,0
orders_27,lineitem_5,0
orders_27,lineitem_6,0
orders_27,lineitem_7,0
orders_27,lineitem_8,0
orders_27,lineitem_9,0
orders_27,lineitem_10,0
orders_27,lineitem_11,0
orders_27,lineitem_12,0
orders_27,lineitem_13,0
orders_27,lineitem_14,0
orders_27,lineitem_15,0
orders_27,lineitem_16,0
orders_27,lineitem_17,0
orders_27,lineitem_18,0
orders_27,lineitem_19,0
orders_27,lineitem_20,0
orders_27,lineitem_21,0
orders_27,lineitem_22,0
orders_27,lineitem_23,0
orders_27,lineitem_24,0
orders_27,lineitem_25,0
orders_27,lineitem_26,0
orders_27,lineitem_27,519190
orders_27,lineitem_28,0
orders_27,lineitem_29,0
orders_27,lineitem_30,0
orders_27,lineitem_31,0
orders_27,lineitem_32,0
orders_27,lineitem_33,0
orders_27,lineitem_34,0
orders_27,lineitem_35,0
orders_27,lineitem_36,0
orders_27,lineitem_37,0
orders_27,lineitem_38,0
orders_27,lineitem_39,0
orders_27,lineitem_40,0
orders_27,lineitem_41,0
orders_27,lineitem_42,0
orders_27,lineitem_43,0
orders_27,lineitem_44,0
orders_27,lineitem_45,0
orders_27,lineitem_46,0
orders_27,lineitem_47,0
orders_27,lineitem_48,0
orders_27,lineitem_49,0
orders_28,lineitem_0,0
orders_28,lineitem_1,0
orders_28,lineitem_2,0
orders_28,lineitem_3,0
orders_28,lineitem_4,0
orders_28,lineitem_5,0
orders_28,lineitem_6,0
orders_28,lineitem_7,0
orders_28,lineitem_8,0
orders_28,lineitem_9,0
orders_28,lineitem_10,0
orders_28,lineitem_11,0
orders_28,lineitem_12,0
orders_28,lineitem_13,0
orders_28,lineitem_14,0
orders_28,lineitem_15,0
orders_28,lineitem_16,0
orders_28,lineitem_17,0
orders_28,lineitem_18,0
orders_28,lineitem_19,0
orders_28,lineitem_20,0
orders_28,lineitem_21,0
orders_28,lineitem_22,0
orders_28,lineitem_23,0
orders_28,lineitem_24,0
orders_28,lineitem_25,0
orders_28,lineitem_26,0
orders_28,lineitem_27,0
orders_28,lineitem_28,519402
orders_28,lineitem_29,0
orders_28,lineitem_30,0
orders_28,lineitem_31,0
orders_28,lineitem_32,0
orders_28,lineitem_33,0
orders_28,lineitem_34,0
orders_28,lineitem_35,0
orders_28,lineitem_36,0
orders_28,lineitem_37,0
orders_28,lineitem_38,0
orders_28,lineitem_39,0
orders_28,lineitem_40,0
orders_28,lineitem_41,0
orders_28,lineitem_42,0
orders_28,lineitem_43,0
orders_28,lineitem_44,0
orders_28,lineitem_45,0
orders_28,lineitem_46,0
orders_28,lineitem_47,0
orders_28,lineitem_48,0
orders_28,lineitem_49,0
orders_29,lineitem_0,0
orders_29,lineitem_1,0
orders_29,lineitem_2,0
orders_29,lineitem_3,0
orders_29,lineitem_4,0
orders_29,lineitem_5,0
orders_29,lineitem_6,0
orders_29,lineitem_7,0
orders_29,lineitem_8,0
orders_29,lineitem_9,0
orders_29,lineitem_10,0
orders_29,lineitem_11,0
orders_29,lineitem_12,0
orders_29,lineitem_13,0
orders_29,lineitem_14,0
orders_29,lineitem_15,0
orders_29,lineitem_16,0
orders_29,lineitem_17,0
orders_29,lineitem_18,0
orders_29,lineitem_19,0
orders_29,lineitem_20,0
orders_29,lineitem_21,0
orders_29,lineitem_22,0
orders_29,lineitem_23,0
orders_29,lineitem_24,0
orders_29,lineitem_25,0
orders_29,lineitem_26,0
orders_29,lineitem_27,0
orders_29,lineitem_28,0
orders_29,lineitem_29,520739
orders_29,lineitem_30,0
orders_29,lineitem_31,0
orders_29,lineitem_32,0
orders_29,lineitem_33,0
orders_29,lineitem_34,0
orders_29,lineitem_35,0
orders_29,lineitem_36,0
orders_29,lineitem_37,0
orders_29,lineitem_38,0
orders_29,lineitem_39,0
orders_29,lineitem_40,0
orders_29,lineitem_41,0
orders_29,lineitem_42,0
orders_29,lineitem_43,0
orders_29,lineitem_44,0
orders_29,lineitem_45,0
orders_29,lineitem_46,0
orders_29,lineitem_47,0
orders_29,lineitem_48,0
orders_29,lineitem_49,0
orders_30,lineitem_0,0
orders_30,lineitem_1,0
orders_30,lineitem_2,0
orders_30,lineitem_3,0
orders_30,lineitem_4,0
orders_30,lineitem_5,0
orders_30,lineitem_6,0
orders_30,lineitem_7,0
orders_30,lineitem_8,0
orders_30,lineitem_9,0
orders_30,lineitem_10,0
orders_30,lineitem_11,0
orders_30,lineitem_12,0
orders_30,lineitem_13,0
orders_30,lineitem_14,0
orders_30,lineitem_15,0
orders_30,lineitem_16,0
orders_30,lineitem_17,0
orders_30,lineitem_18,0
orders_30,lineitem_19,0
orders_30,lineitem_20,0
orders_30,lineitem_21,0
orders_30,lineitem_22,0
orders_30,lineitem_23,0
orders_30,lineitem_24,0
orders_30,lineitem_25,0
orders_30,lineitem_26,0
orders_30,lineitem_27,0
orders_30,lineitem_28,0
orders_30,lineitem_29,0
orders_30,lineitem_30,519779
orders_30,lineitem_31,0
orders_30,lineitem_32,0
orders_30,lineitem_33,0
orders_30,lineitem_34,0
orders_30,lineitem_35,0
orders_30,lineitem_36,0
orders_30,lineitem_37,0
orders_30,lineitem_38,0
orders_30,lineitem_39,0
orders_30,lineitem_40,0
orders_30,lineitem_41,0
orders_30,lineitem_42,0
orders_30,lineitem_43,0
orders_30,lineitem_44,0
orders_30,lineitem_45,0
orders_30,lineitem_46,0
orders_30,lineitem_47,0
orders_30,lineitem_48,0
orders_30,lineitem_49,0
orders_31,lineitem_0,0
orders_31,lineitem_1,0
orders_31,lineitem_2,0
orders_31,lineitem_3,0
orders_31,lineitem_4,0
orders_31,lineitem_5,0
orders_31,lineitem_6,0
orders_31,lineitem_7,0
orders_31,lineitem_8,0
orders_31,lineitem_9,0
orders_31,lineitem_10,0
orders_31,lineitem_11,0
orders_31,lineitem_12,0
orders_31,lineitem_13,0
orders_31,lineitem_14,0
orders_31,lineitem_15,0
orders_31,lineitem_16,0
orders_31,lineitem_17,0
orders_31,lineitem_18,0
orders_31,lineitem_19,0
orders_31,lineitem_20,0
orders_31,lineitem_21,0
orders_31,lineitem_22,0
orders_31,lineitem_23,0
orders_31,lineitem_24,0
orders_31,lineitem_25,0
orders_31,lineitem_26,0
orders_31,lineitem_27,0
orders_31,lineitem_28,0
orders_31,lineitem_29,0
orders_31,lineitem_30,0
orders_31,lineitem_31,518410
orders_31,lineitem_32,0
orders_31,lineitem_33,0
orders_31,lineitem_34,0
orders_31,lineitem_35,0
orders_31,lineitem_36,0
orders_31,lineitem_37,0
orders_31,lineitem_38,0
orders_31,lineitem_39,0
orders_31,lineitem_40,0
orders_31,lineitem_41,0
orders_31,lineitem_42,0
orders_31,lineitem_43,0
orders_31,lineitem_44,0
orders_31,lineitem_45,0
orders_31,lineitem_46,0
orders_31,lineitem_47,0
orders_31,lineitem_48,0
orders_31,lineitem_49,0
orders_32,lineitem_0,0
orders_32,lineitem_1,0
orders_32,lineitem_2,0
orders_32,lineitem_3,0
orders_32,lineitem_4,0
orders_32,lineitem_5,0
orders_32,lineitem_6,0
orders_32,lineitem_7,0
orders_32,lineitem_8,0
orders_32,lineitem_9,0
orders_32,lineitem_10,0
orders_32,lineitem_11,0
orders_32,lineitem_12,0
orders_32,lineitem_13,0
orders_32,lineitem_14,0
orders_32,lineitem_15,0
orders_32,lineitem_16,0
orders_32,lineitem_17,0
orders_32,lineitem_18,0
orders_32,lineitem_19,0
orders_32,lineitem_20,0
orders_32,lineitem_21,0
orders_32,lineitem_22,0
orders_32,lineitem_23,0
orders_32,lineitem_24,0
orders_32,lineitem_25,0
orders_32,lineitem_26,0
orders_32,lineitem_27,0
orders_32,lineitem_28,0
orders_32,lineitem_29,0
orders_32,lineitem_30,0
orders_32,lineitem_31,0
orders_32,lineitem_32,520317
orders_32,lineitem_33,0
orders_32,lineitem_34,0
orders_32,lineitem_35,0
orders_32,lineitem_36,0
orders_32,lineitem_37,0
orders_32,lineitem_38,0
orders_32,lineitem_39,0
orders_32,lineitem_40,0
orders_32,lineitem_41,0
orders_32,lineitem_42,0
orders_32,lineitem_43,0
orders_32,lineitem_44,0
orders_32,lineitem_45,0
orders_32,lineitem_46,0
orders_32,lineitem_47,0
orders_32,lineitem_48,0
orders_32,lineitem_49,0
orders_33,lineitem_0,0
orders_33,lineitem_1,0
orders_33,lineitem_2,0
orders_33,lineitem_3,0
orders_33,lineitem_4,0
orders_33,lineitem_5,0
orders_33,lineitem_6,0
orders_33,lineitem_7,0
orders_33,lineitem_8,0
orders_33,lineitem_9,0
orders_33,lineitem_10,0
orders_33,lineitem_11,0
orders_33,lineitem_12,0
orders_33,lineitem_13,0
orders_33,lineitem_14,0
orders_33,lineitem_15,0
orders_33,lineitem_16,0
orders_33,lineitem_17,0
orders_33,lineitem_18,0
orders_33,lineitem_19,0
orders_33,lineitem_20,0
orders_33,lineitem_21,0
orders_33,lineitem_22,0
orders_33,lineitem_23,0
orders_33,lineitem_24,0
orders_33,lineitem_25,0
orders_33,lineitem_26,0
orders_33,lineitem_27,0
orders_33,lineitem_28,0
orders_33,lineitem_29,0
orders_33,lineitem_30,0
orders_33,lineitem_31,0
orders_33,lineitem_32,0
orders_33,lineitem_33,518987
orders_33,lineitem_34,0
orders_33,lineitem_35,0
orders_33,lineitem_36,0
orders_33,lineitem_37,0
orders_33,lineitem_38,0
orders_33,lineitem_39,0
orders_33,lineitem_40,0
orders_33,lineitem_41,0
orders_33,lineitem_42,0
orders_33,lineitem_43,0
orders_33,lineitem_44,0
orders_33,lineitem_45,0
orders_33,lineitem_46,0
orders_33,lineitem_47,0
orders_33,lineitem_48,0
orders_33,lineitem_49,0
orders_34,lineitem_0,0
orders_34,lineitem_1,0
orders_34,lineitem_2,0
orders_34,lineitem_3,0
orders_34,lineitem_4,0
orders_34,lineitem_5,0
orders_34,lineitem_6,0
orders_34,lineitem_7,0
orders_34,lineitem_8,0
orders_34,lineitem_9,0
orders_34,lineitem_10,0
orders_34,lineitem_11,0
orders_34,lineitem_12,0
orders_34,lineitem_13,0
orders_34,lineitem_14,0
orders_34,lineitem_15,0
orders_34,lineitem_16,0
orders_34,lineitem_17,0
orders_34,lineitem_18,0
orders_34,lineitem_19,0
orders_34,lineitem_20,0
orders_34,lineitem_21,0
orders_34,lineitem_22,0
orders_34,lineitem_23,0
orders_34,lineitem_24,0
orders_34,lineitem_25,0
orders_34,lineitem_26,0
orders_34,lineitem_27,0
orders_34,lineitem_28,0
orders_34,lineitem_29,0
orders_34,lineitem_30,0
orders_34,lineitem_31,0
orders_34,lineitem_32,0
orders_34,lineitem_33,0
orders_34,lineitem_34,521501
orders_34,lineitem_35,0
orders_34,lineitem_36,0
orders_34,lineitem_37,0
orders_34,lineitem_38,0
orders_34,lineitem_39,0
orders_34,lineitem_40,0
orders_34,lineitem_41,0
orders_34,lineitem_42,0
orders_34,lineitem_43,0
orders_34,lineitem_44,0
orders_34,lineitem_45,0
orders_34,lineitem_46,0
orders_34,lineitem_47,0
orders_34,lineitem_48,0
orders_34,lineitem_49,0
orders_35,lineitem_0,0
orders_35,lineitem_1,0
orders_35,lineitem_2,0
orders_35,lineitem_3,0
orders_35,lineitem_4,0
orders_35,lineitem_5,0
orders_35,lineitem_6,0
orders_35,lineitem_7,0
orders_35,lineitem_8,0
orders_35,lineitem_9,0
orders_35,lineitem_10,0
orders_35,lineitem_11,0
orders_35,lineitem_12,0
orders_35,lineitem_13,0
orders_35,lineitem_14,0
orders_35,lineitem_15,0
orders_35,lineitem_16,0
orders_35,lineitem_17,0
orders_35,lineitem_18,0
orders_35,lineitem_19,0
orders_35,lineitem_20,0
orders_35,lineitem_21,0
orders_35,lineitem_22,0
orders_35,lineitem_23,0
orders_35,lineitem_24,0
orders_35,lineitem_25,0
orders_35,lineitem_26,0
orders_35,lineitem_27,0
orders_35,lineitem_28,0
orders_35,lineitem_29,0
orders_35,lineitem_30,0
orders_35,lineitem_31,0
orders_35,lineitem_32,0
orders_35,lineitem_33,0
orders_35,lineitem_34,0
orders_35,lineitem_35,518211
orders_35,lineitem_36,0
orders_35,lineitem_37,0
orders_35,lineitem_38,0
orders_35,lineitem_39,0
orders_35,lineitem_40,0
orders_35,lineitem_41,0
orders_35,lineitem_42,0
orders_35,lineitem_43,0
orders_35,lineitem_44,0
orders_35,lineitem_45,0
orders_35,lineitem_46,0
orders_35,lineitem_47,0
orders_35,lineitem_48,0
orders_35,lineitem_49,0
orders_36,lineitem_0,0
orders_36,lineitem_1,0
orders_36,lineitem_2,0
orders_36,lineitem_3,0
orders_36,lineitem_4,0
orders_36,lineitem_5,0
orders_36,lineitem_6,0
orders_36,lineitem_7,0
orders_36,lineitem_8,0
orders_36,lineitem_9,0
orders_36,lineitem_10,0
orders_36,lineitem_11,0
orders_36,lineitem_12,0
orders_36,lineitem_13,0
orders_36,lineitem_14,0
orders_36,lineitem_15,0
orders_36,lineitem_16,0
orders_36,lineitem_17,0
orders_36,lineitem_18,0
orders_36,lineitem_19,0
orders_36,lineitem_20,0
orders_36,lineitem_21,0
orders_36,lineitem_22,0
orders_36,lineitem_23,0
orders_36,lineitem_24,0
orders_36,lineitem_25,0
orders_36,lineitem_26,0
orders_36,lineitem_27,0
orders_36,lineitem_28,0
orders_36,lineitem_29,0
orders_36,lineitem_30,0
orders_36,lineitem_31,0
orders_36,lineitem_32,0
orders_36,lineitem_33,0
orders_36,lineitem_34,0
orders_36,lineitem_35,0
orders_36,lineitem_36,520476
orders_36,lineitem_37,0
orders_36,lineitem_38,0
orders_36,lineitem_39,0
orders_36,lineitem_40,0
orders_36,lineitem_41,0
orders_36,lineitem_42,0
orders_36,lineitem_43,0
orders_36,lineitem_44,0
orders_36,lineitem_45,0
orders_36,lineitem_46,0
orders_36,lineitem_47,0
orders_36,lineitem_48,0
orders_36,lineitem_49,0
orders_37,lineitem_0,0
orders_37,lineitem_1,0
orders_37,lineitem_2,0
orders_37,lineitem_3,0
orders_37,lineitem_4,0
orders_37,lineitem_5,0
orders_37,lineitem_6,0
orders_37,lineitem_7,0
orders_37,lineitem_8,0
orders_37,lineitem_9,0
orders_37,lineitem_10,0
orders_37,lineitem_11,0
orders_37,lineitem_12,0
orders_37,lineitem_13,0
orders_37,lineitem_14,0
orders_37,lineitem_15,0
orders_37,lineitem_16,0
orders_37,lineitem_17,0
orders_37,lineitem_18,0
orders_37,lineitem_19,0
orders_37,lineitem_20,0
orders_37,lineitem_21,0
orders_37,lineitem_22,0
orders_37,lineitem_23,0
orders_37,lineitem_24,0
orders_37,lineitem_25,0
orders_37,lineitem_26,0
orders_37,lineitem_27,0
orders_37,lineitem_28,0
orders_37,lineitem_29,0
orders_37,lineitem_30,0
orders_37,lineitem_31,0
orders_37,lineitem_32,0
orders_37,lineitem_33,0
orders_37,lineitem_34,0
orders_37,lineitem_35,0
orders_37,lineitem_36,0
orders_37,lineitem_37,517211
orders_37,lineitem_38,0
orders_37,lineitem_39,0
orders_37,lineitem_40,0
orders_37,lineitem_41,0
orders_37,lineitem_42,0
orders_37,lineitem_43,0
orders_37,lineitem_44,0
orders_37,lineitem_45,0
orders_37,lineitem_46,0
orders_37,lineitem_47,0
orders_37,lineitem_48,0
orders_37,lineitem_49,0
orders_38,lineitem_0,0
orders_38,lineitem_1,0
orders_38,lineitem_2,0
orders_38,lineitem_3,0
orders_38,lineitem_4,0
orders_38,lineitem_5,0
orders_38,lineitem_6,0
orders_38,lineitem_7,0
orders_38,lineitem_8,0
orders_38,lineitem_9,0
orders_38,lineitem_10,0
orders_38,lineitem_11,0
orders_38,lineitem_12,0
orders_38,lineitem_13,0
orders_38,lineitem_14,0
orders_38,lineitem_15,0
orders_38,lineitem_16,0
orders_38,lineitem_17,0
orders_38,lineitem_18,0
orders_38,lineitem_19,0
orders_38,lineitem_20,0
orders_38,lineitem_21,0
orders_38,lineitem_22,0
orders_38,lineitem_23,0
orders_38,lineitem_24,0
orders_38,lineitem_25,0
orders_38,lineitem_26,0
orders_38,lineitem_27,0
orders_38,lineitem_28,0
orders_38,lineitem_29,0
orders_38,lineitem_30,0
orders_38,lineitem_31,0
orders_38,lineitem_32,0
orders_38,lineitem_33,0
orders_38,lineitem_34,0
orders_38,lineitem_35,0
orders_38,lineitem_36,0
orders_38,lineitem_37,0
orders_38,lineitem_38,518428
orders_38,lineitem_39,0
orders_38,lineitem_40,0
orders_38,lineitem_41,0
orders_38,lineitem_42,0
orders_38,lineitem_43,0
orders_38,lineitem_44,0
orders_38,lineitem_45,0
orders_38,lineitem_46,0
orders_38,lineitem_47,0
orders_38,lineitem_48,0
orders_38,lineitem_49,0
orders_39,lineitem_0,0
orders_39,lineitem_1,0
orders_39,lineitem_2,0
orders_39,lineitem_3,0
orders_39,lineitem_4,0
orders_39,lineitem_5,0
orders_39,lineitem_6,0
orders_39,lineitem_7,0
orders_39,lineitem_8,0
orders_39,lineitem_9,0
orders_39,lineitem_10,0
orders_39,lineitem_11,0
orders_39,lineitem_12,0
orders_39,lineitem_13,0
orders_39,lineitem_14,0
orders_39,lineitem_15,0
orders_39,lineitem_16,0
orders_39,lineitem_17,0
orders_39,lineitem_18,0
orders_39,lineitem_19,0
orders_39,lineitem_20,0
orders_39,lineitem_21,0
orders_39,lineitem_22,0
orders_39,lineitem_23,0
orders_39,lineitem_24,0
orders_39,lineitem_25,0
orders_39,lineitem_26,0
orders_39,lineitem_27,0
orders_39,lineitem_28,0
orders_39,lineitem_29,0
orders_39,lineitem_30,0
orders_39,lineitem_31,0
orders_39,lineitem_32,0
orders_39,lineitem_33,0
orders_39,lineitem_34,0
orders_39,lineitem_35,0
orders_39,lineitem_36,0
orders_39,lineitem_37,0
orders_39,lineitem_38,0
orders_39,lineitem_39,520428
orders_39,lineitem_40,0
orders_39,lineitem_41,0
orders_39,lineitem_42,0
orders_39,lineitem_43,0
orders_39,lineitem_44,0
orders_39,lineitem_45,0
orders_39,lineitem_46,0
orders_39,lineitem_47,0
orders_39,lineitem_48,0
orders_39,lineitem_49,0
orders_40,lineitem_0,0
orders_40,lineitem_1,0
orders_40,lineitem_2,0
orders_40,lineitem_3,0
orders_40,lineitem_4,0
orders_40,lineitem_5,0
orders_40,lineitem_6,0
orders_40,lineitem_7,0
orders_40,lineitem_8,0
orders_40,lineitem_9,0
orders_40,lineitem_10,0
orders_40,lineitem_11,0
orders_40,lineitem_12,0
orders_40,lineitem_13,0
orders_40,lineitem_14,0
orders_40,lineitem_15,0
orders_40,lineitem_16,0
orders_40,lineitem_17,0
orders_40,lineitem_18,0
orders_40,lineitem_19,0
orders_40,lineitem_20,0
orders_40,lineitem_21,0
orders_40,lineitem_22,0
orders_40,lineitem_23,0
orders_40,lineitem_24,0
orders_40,lineitem_25,0
orders_40,lineitem_26,0
orders_40,lineitem_27,0
orders_40,lineitem_28,0
orders_40,lineitem_29,0
orders_40,lineitem_30,0
orders_40,lineitem_31,0
orders_40,lineitem_32,0
orders_40,lineitem_33,0
orders_40,lineitem_34,0
orders_40,lineitem_35,0
orders_40,lineitem_36,0
orders_40,lineitem_37,0
orders_40,lineitem_38,0
orders_40,lineitem_39,0
orders_40,lineitem_40,518064
orders_40,lineitem_41,0
orders_40,lineitem_42,0
orders_40,lineitem_43,0
orders_40,lineitem_44,0
orders_40,lineitem_45,0
orders_40,lineitem_46,0
orders_40,lineitem_47,0
orders_40,lineitem_48,0
orders_40,lineitem_49,0
orders_41,lineitem_0,0
orders_41,lineitem_1,0
orders_41,lineitem_2,0
orders_41,lineitem_3,0
orders_41,lineitem_4,0
orders_41,lineitem_5,0
orders_41,lineitem_6,0
orders_41,lineitem_7,0
orders_41,lineitem_8,0
orders_41,lineitem_9,0
orders_41,lineitem_10,0
orders_41,lineitem_11,0
orders_41,lineitem_12,0
orders_41,lineitem_13,0
orders_41,lineitem_14,0
orders_41,lineitem_15,0
orders_41,lineitem_16,0
orders_41,lineitem_17,0
orders_41,lineitem_18,0
orders_41,lineitem_19,0
orders_41,lineitem_20,0
orders_41,lineitem_21,0
orders_41,lineitem_22,0
orders_41,lineitem_23,0
orders_41,lineitem_24,0
orders_41,lineitem_25,0
orders_41,lineitem_26,0
orders_41,lineitem_27,0
orders_41,lineitem_28,0
orders_41,lineitem_29,0
orders_41,lineitem_30,0
orders_41,lineitem_31,0
orders_41,lineitem_32,0
orders_41,lineitem_33,0
orders_41,lineitem_34,0
orders_41,lineitem_35,0
orders_41,lineitem_36,0
orders_41,lineitem_37,0
orders_41,lineitem_38,0
orders_41,lineitem_39,0
orders_41,lineitem_40,0
orders_41,lineitem_41,518192
orders_41,lineitem_42,0
orders_41,lineitem_43,0
orders_41,lineitem_44,0
orders_41,lineitem_45,0
orders_41,lineitem_46,0
orders_41,lineitem_47,0
orders_41,lineitem_48,0
orders_41,lineitem_49,0
orders_42,lineitem_0,0
orders_42,lineitem_1,0
orders_42,lineitem_2,0
orders_42,lineitem_3,0
orders_42,lineitem_4,0
orders_42,lineitem_5,0
orders_42,lineitem_6,0
orders_42,lineitem_7,0
orders_42,lineitem_8,0
orders_42,lineitem_9,0
orders_42,lineitem_10,0
orders_42,lineitem_11,0
orders_42,lineitem_12,0
orders_42,lineitem_13,0
orders_42,lineitem_14,0
orders_42,lineitem_15,0
orders_42,lineitem_16,0
orders_42,lineitem_17,0
orders_42,lineitem_18,0
orders_42,lineitem_19,0
orders_42,lineitem_20,0
orders_42,lineitem_21,0
orders_42,lineitem_22,0
orders_42,lineitem_23,0
orders_42,lineitem_24,0
orders_42,lineitem_25,0
orders_42,lineitem_26,0
orders_42,lineitem_27,0
orders_42,lineitem_28,0
orders_42,lineitem_29,0
orders_42,lineitem_30,0
orders_42,lineitem_31,0
orders_42,lineitem_32,0
orders_42,lineitem_33,0
orders_42,lineitem_34,0
orders_42,lineitem_35,0
orders_42,lineitem_36,0
orders_42,lineitem_37,0
orders_42,lineitem_38,0
orders_42,lineitem_39,0
orders_42,lineitem_40,0
orders_42,lineitem_41,0
orders_42,lineitem_42,519686
orders_42,lineitem_43,0
orders_42,lineitem_44,0
orders_42,lineitem_45,0
orders_42,lineitem_46,0
orders_42,lineitem_47,0
orders_42,lineitem_48,0
orders_42,lineitem_49,0
orders_43,lineitem_0,0
orders_43,lineitem_1,0
orders_43,lineitem_2,0
orders_43,lineitem_3,0
orders_43,lineitem_4,0
orders_43,lineitem_5,0
orders_43,lineitem_6,0
orders_43,lineitem_7,0
orders_43,lineitem_8,0
orders_43,lineitem_9,0
orders_43,lineitem_10,0
orders_43,lineitem_11,0
orders_43,lineitem_12,0
orders_43,lineitem_13,0
orders_43,lineitem_14,0
orders_43,lineitem_15,0
orders_43,lineitem_16,0
orders_43,lineitem_17,0
orders_43,lineitem_18,0
orders_43,lineitem_19,0
orders_43,lineitem_20,0
orders_43,lineitem_21,0
orders_43,lineitem_22,0
orders_43,lineitem_23,0
orders_43,lineitem_24,0
orders_43,lineitem_25,0
orders_43,lineitem_26,0
orders_43,lineitem_27,0
orders_43,lineitem_28,0
orders_43,lineitem_29,0
orders_43,lineitem_30,0
orders_43,lineitem_31,0
orders_43,lineitem_32,0
orders_43,lineitem_33,0
orders_43,lineitem_34,0
orders_43,lineitem_35,0
orders_43,lineitem_36,0
orders_43,lineitem_37,0
orders_43,lineitem_38,0
orders_43,lineitem_39,0
orders_43,lineitem_40,0
orders_43,lineitem_41,0
orders_43,lineitem_42,0
orders_43,lineitem_43,517647
orders_43,lineitem_44,0
orders_43,lineitem_45,0
orders_43,lineitem_46,0
orders_43,lineitem_47,0
orders_43,lineitem_48,0
orders_43,lineitem_49,0
orders_44,lineitem_0,0
orders_44,lineitem_1,0
orders_44,lineitem_2,0
orders_44,lineitem_3,0
orders_44,lineitem_4,0
orders_44,lineitem_5,0
orders_44,lineitem_6,0
orders_44,lineitem_7,0
orders_44,lineitem_8,0
orders_44,lineitem_9,0
orders_44,lineitem_10,0
orders_44,lineitem_11,0
orders_44,lineitem_12,0
orders_44,lineitem_13,0
orders_44,lineitem_14,0
orders_44,lineitem_15,0
orders_44,lineitem_16,0
orders_44,lineitem_17,0
orders_44,lineitem_18,0
orders_44,lineitem_19,0
orders_44,lineitem_20,0
orders_44,lineitem_21,0
orders_44,lineitem_22,0
orders_44,lineitem_23,0
orders_44,lineitem_24,0
orders_44,lineitem_25,0
orders_44,lineitem_26,0
orders_44,lineitem_27,0
orders_44,lineitem_28,0
orders_44,lineitem_29,0
orders_44,lineitem_30,0
orders_44,lineitem_31,0
orders_44,lineitem_32,0
orders_44,lineitem_33,0
orders_44,lineitem_34,0
orders_44,lineitem_35,0
orders_44,lineitem_36,0
orders_44,lineitem_37,0
orders_44,lineitem_38,0
orders_44,lineitem_39,0
orders_44,lineitem_40,0
orders_44,lineitem_41,0
orders_44,lineitem_42,0
orders_44,lineitem_43,0
orders_44,lineitem_44,520750
orders_44,lineitem_45,0
orders_44,lineitem_46,0
orders_44,lineitem_47,0
orders_44,lineitem_48,0
orders_44,lineitem_49,0
orders_45,lineitem_0,0
orders_45,lineitem_1,0
orders_45,lineitem_2,0
orders_45,lineitem_3,0
orders_45,lineitem_4,0
orders_45,lineitem_5,0
orders_45,lineitem_6,0
orders_45,lineitem_7,0
orders_45,lineitem_8,0
orders_45,lineitem_9,0
orders_45,lineitem_10,0
orders_45,lineitem_11,0
orders_45,lineitem_12,0
orders_45,lineitem_13,0
orders_45,lineitem_14,0
orders_45,lineitem_15,0
orders_45,lineitem_16,0
orders_45,lineitem_17,0
orders_45,lineitem_18,0
orders_45,lineitem_19,0
orders_45,lineitem_20,0
orders_45,lineitem_21,0
orders_45,lineitem_22,0
orders_45,lineitem_23,0
orders_45,lineitem_24,0
orders_45,lineitem_25,0
orders_45,lineitem_26,0
orders_45,lineitem_27,0
orders_45,lineitem_28,0
orders_45,lineitem_29,0
orders_45,lineitem_30,0
orders_45,lineitem_31,0
orders_45,lineitem_32,0
orders_45,lineitem_33,0
orders_45,lineitem_34,0
orders_45,lineitem_35,0
orders_45,lineitem_36,0
orders_45,lineitem_37,0
orders_45,lineitem_38,0
orders_45,lineitem_39,0
orders_45,lineitem_40,0
orders_45,lineitem_41,0
orders_45,lineitem_42,0
orders_45,lineitem_43,0
orders_45,lineitem_44,0
orders_45,lineitem_45,517288
orders_45,lineitem_46,0
orders_45,lineitem_47,0
orders_45,lineitem_48,0
orders_45,lineitem_49,0
orders_46,lineitem_0,0
orders_46,lineitem_1,0
orders_46,lineitem_2,0
orders_46,lineitem_3,0
orders_46,lineitem_4,0
orders_46,lineitem_5,0
orders_46,lineitem_6,0
orders_46,lineitem_7,0
orders_46,lineitem_8,0
orders_46,lineitem_9,0
orders_46,lineitem_10,0
orders_46,lineitem_11,0
orders_46,lineitem_12,0
orders_46,lineitem_13,0
orders_46,lineitem_14,0
orders_46,lineitem_15,0
orders_46,lineitem_16,0
orders_46,lineitem_17,0
orders_46,lineitem_18,0
orders_46,lineitem_19,0
orders_46,lineitem_20,0
orders_46,lineitem_21,0
orders_46,lineitem_22,0
orders_46,lineitem_23,0
orders_46,lineitem_24,0
orders_46,lineitem_25,0
orders_46,lineitem_26,0
orders_46,lineitem_27,0
orders_46,lineitem_28,0
orders_46,lineitem_29,0
orders_46,lineitem_30,0
orders_46,lineitem_31,0
orders_46,lineitem_32,0
orders_46,lineitem_33,0
orders_46,lineitem_34,0
orders_46,lineitem_35,0
orders_46,lineitem_36,0
orders_46,lineitem_37,0
orders_46,lineitem_38,0
orders_46,lineitem_39,0
orders_46,lineitem_40,0
orders_46,lineitem_41,0
orders_46,lineitem_42,0
orders_46,lineitem_43,0
orders_46,lineitem_44,0
orders_46,lineitem_45,0
orders_46,lineitem_46,519816
orders_46,lineitem_47,0
orders_46,lineitem_48,0
orders_46,lineitem_49,0
orders_47,lineitem_0,0
orders_47,lineitem_1,0
orders_47,lineitem_2,0
orders_47,lineitem_3,0
orders_47,lineitem_4,0
orders_47,lineitem_5,0
orders_47,lineitem_6,0
orders_47,lineitem_7,0
orders_47,lineitem_8,0
orders_47,lineitem_9,0
orders_47,lineitem_10,0
orders_47,lineitem_11,0
orders_47,lineitem_12,0
orders_47,lineitem_13,0
orders_47,lineitem_14,0
orders_47,lineitem_15,0
orders_47,lineitem_16,0
orders_47,lineitem_17,0
orders_47,lineitem_18,0
orders_47,lineitem_19,0
orders_47,lineitem_20,0
orders_47,lineitem_21,0
orders_47,lineitem_22,0
orders_47,lineitem_23,0
orders_47,lineitem_24,0
orders_47,lineitem_25,0
orders_47,lineitem_26,0
orders_47,lineitem_27,0
orders_47,lineitem_28,0
orders_47,lineitem_29,0
orders_47,lineitem_30,0
orders_47,lineitem_31,0
orders_47,lineitem_32,0
orders_47,lineitem_33,0
orders_47,lineitem_34,0
orders_47,lineitem_35,0
orders_47,lineitem_36,0
orders_47,lineitem_37,0
orders_47,lineitem_38,0
orders_47,lineitem_39,0
orders_47,lineitem_40,0
orders_47,lineitem_41,0
orders_47,lineitem_42,0
orders_47,lineitem_43,0
orders_47,lineitem_44,0
orders_47,lineitem_45,0
orders_47,lineitem_46,0
orders_47,lineitem_47,516163
orders_47,lineitem_48,0
orders_47,lineitem_49,0
orders_48,lineitem_0,0
orders_48,lineitem_1,0
orders_48,lineitem_2,0
orders_48,lineitem_3,0
orders_48,lineitem_4,0
orders_48,lineitem_5,0
orders_48,lineitem_6,0
orders_48,lineitem_7,0
orders_48,lineitem_8,0
orders_48,lineitem_9,0
orders_48,lineitem_10,0
orders_48,lineitem_11,0
orders_48,lineitem_12,0
orders_48,lineitem_13,0
orders_48,lineitem_14,0
orders_48,lineitem_15,0
orders_48,lineitem_16,0
orders_48,lineitem_17,0
orders_48,lineitem_18,0
orders_48,lineitem_19,0
orders_48,lineitem_20,0
orders_48,lineitem_21,0
orders_48,lineitem_22,0
orders_48,lineitem_23,0
orders_48,lineitem_24,0
orders_48,lineitem_25,0
orders_48,lineitem_26,0
orders_48,lineitem_27,0
orders_48,lineitem_28,0
orders_48,lineitem_29,0
orders_48,lineitem_30,0
orders_48,lineitem_31,0
orders_48,lineitem_32,0
orders_48,lineitem_33,0
orders_48,lineitem_34,0
orders_48,lineitem_35,0
orders_48,lineitem_36,0
orders_48,lineitem_37,0
orders_48,lineitem_38,0
orders_48,lineitem_39,0
orders_48,lineitem_40,0
orders_48,lineitem_41,0
orders_48,lineitem_42,0
orders_48,lineitem_43,0
orders_48,lineitem_44,0
orders_48,lineitem_45,0
orders_48,lineitem_46,0
orders_48,lineitem_47,0
orders_48,lineitem_48,518272
orders_48,lineitem_49,0
orders_49,lineitem_0,0
orders_49,lineitem_1,0
orders_49,lineitem_2,0
orders_49,lineitem_3,0
orders_49,lineitem_4,0
orders_49,lineitem_5,0
orders_49,lineitem_6,0
orders_49,lineitem_7,0
orders_49,lineitem_8,0
orders_49,lineitem_9,0
orders_49,lineitem_10,0
orders_49,lineitem_11,0
orders_49,lineitem_12,0
orders_49,lineitem_13,0
orders_49,lineitem_14,0
orders_49,lineitem_15,0
orders_49,lineitem_16,0
orders_49,lineitem_17,0
orders_49,lineitem_18,0
orders_49,lineitem_19,0
orders_49,lineitem_20,0
orders_49,lineitem_21,0
orders_49,lineitem_22,0
orders_49,lineitem_23,0
orders_49,lineitem_24,0
orders_49,lineitem_25,0
orders_49,lineitem_26,0
orders_49,lineitem_27,0
orders_49,lineitem_28,0
orders_49,lineitem_29,0
orders_49,lineitem_30,0
orders_49,lineitem_31,0
orders_49,lineitem_32,0
orders_49,lineitem_33,0
orders_49,lineitem_34,0
orders_49,lineitem_35,0
orders_49,lineitem_36,0
orders_49,lineitem_37,0
orders_49,lineitem_38,0
orders_49,lineitem_39,0
orders_49,lineitem_40,0
orders_49,lineitem_41,0
orders_49,lineitem_42,0
orders_49,lineitem_43,0
orders_49,lineitem_44,0
orders_49,lineitem_45,0
orders_49,lineitem_46,0
orders_49,lineitem_47,0
orders_49,lineitem_48,0
orders_49,lineitem_49,520570
